<?xml version="1.0" encoding="UTF-8"?>
<Configuration status="WARN">
	<Properties>
		<Property name="logPath">./logs</Property>
	</Properties>
	<Appenders>
		<RollingFile name="file" fileName="Logs/gorest.log"
			filePattern="logs/logdemo-%d{HH-mm-ss-SSS}.log">
			<PatternLayout>
				<pattern>%d{HH:mm:ss}[%t] %-5level %logger{36} - %msg%n </pattern>
			</PatternLayout>
			<SizeBasedTriggeringPolicy size="500 KB" />
		</RollingFile>

	</Appenders>
	<Loggers>
		<Logger name="gorest" level="info" additivity="false">
			<AppenderRef ref="file" />
		</Logger>
	
		  <Root level="info">
           <AppenderRef ref="file" />
        </Root>
		
	</Loggers>
</Configuration>